{
    "1": {
        "id": 1,
        "title": "Новость Спорта 1",
        "text": "А у нас новость 1 и она очень хорошая!",
        "isPrivate": true,
        "image": null,
        "category_id": 1
    },
    "2": {
        "id": 2,
        "title": "Новость Спорта 2",
        "text": "А у нас новость 2 и она очень хорошая!",
        "isPrivate": false,
        "image": null,
        "category_id": 1
    },
    "3": {
        "id": 3,
        "title": "Новость Политики 1",
        "text": "А тут плохие новости(((",
        "isPrivate": false,
        "image": null,
        "category_id": 2
    },
    "4": {
        "id": 4,
        "title": "Новость Политики 2",
        "text": "А тут плохие новости(((",
        "isPrivate": false,
        "image": null,
        "category_id": 2
    },
    "5": {
        "title": "Новость",
        "category_id": 1,
        "text": "С изображением",
        "image": "\/storage\/images\/syd8WFqFbQuC9hvi6C8f22gYFOYhTtqJp3v6uBLY.jpeg",
        "isPrivate": false,
        "id": 5
    },
    "6": {
        "title": 323,
        "category_id": 1,
        "text": 123123,
        "image": "\/storage\/images\/E7oZ5eWpeg8FYvdi7QTuYAHjbuZ0sQtNc4yEdhu9.jpeg",
        "isPrivate": false,
        "id": 6
    },
    "7": {
        "title": 111,
        "category_id": 1,
        "text": 222,
        "image": null,
        "isPrivate": false,
        "id": 7
    }
}